{
    "quay_cranes": [
        {
            "idx": "QC1",
            "missions": {
                "M1": {
                    "idx": "M1",
                    "quay_crane_id": "QC1",
                    "yard_block_loc": [
                        "A1",
                        27,
                        4
                    ],
                    "yard_crane_process_time": 34.138811115397374,
                    "locked": true,
                    "release_time": 0,
                    "vehicle_speed": 2.63,
                    "station_process_time": 127.65834603369777,
                    "intersection_process_time": 20.873819969509192
                },
                "M2": {
                    "idx": "M2",
                    "quay_crane_id": "QC1",
                    "yard_block_loc": [
                        "B4",
                        3,
                        2
                    ],
                    "yard_crane_process_time": 31.507832381497373,
                    "locked": true,
                    "release_time": 120,
                    "vehicle_speed": 2.63,
                    "station_process_time": 98.00523325215295,
                    "intersection_process_time": 40.834621136567954
                },
                "M3": {
                    "idx": "M3",
                    "quay_crane_id": "QC1",
                    "yard_block_loc": [
                        "B2",
                        8,
                        8
                    ],
                    "yard_crane_process_time": 25.40663273675261,
                    "locked": true,
                    "release_time": 240,
                    "vehicle_speed": 2.63,
                    "station_process_time": 106.70458891298163,
                    "intersection_process_time": 20.742973101823807
                }
            },
            "location": [
                220,
                0
            ]
        },
        {
            "idx": "QC2",
            "missions": {
                "M4": {
                    "idx": "M4",
                    "quay_crane_id": "QC2",
                    "yard_block_loc": [
                        "A1",
                        27,
                        11
                    ],
                    "yard_crane_process_time": 30.674677931506274,
                    "locked": true,
                    "release_time": 0,
                    "vehicle_speed": 2.63,
                    "station_process_time": 108.88279390923793,
                    "intersection_process_time": 34.6757519061681
                },
                "M5": {
                    "idx": "M5",
                    "quay_crane_id": "QC2",
                    "yard_block_loc": [
                        "B2",
                        28,
                        7
                    ],
                    "yard_crane_process_time": 29.94485674145502,
                    "locked": true,
                    "release_time": 120,
                    "vehicle_speed": 2.63,
                    "station_process_time": 147.67217458843805,
                    "intersection_process_time": 44.30385996561106
                },
                "M6": {
                    "idx": "M6",
                    "quay_crane_id": "QC2",
                    "yard_block_loc": [
                        "A1",
                        12,
                        9
                    ],
                    "yard_crane_process_time": 30.379287837318206,
                    "locked": true,
                    "release_time": 240,
                    "vehicle_speed": 2.63,
                    "station_process_time": 128.40847198759346,
                    "intersection_process_time": 34.89797051889024
                }
            },
            "location": [
                175,
                0
            ]
        },
        {
            "idx": "QC3",
            "missions": {
                "M7": {
                    "idx": "M7",
                    "quay_crane_id": "QC3",
                    "yard_block_loc": [
                        "B4",
                        25,
                        5
                    ],
                    "yard_crane_process_time": 27.713734308884174,
                    "locked": true,
                    "release_time": 0,
                    "vehicle_speed": 2.63,
                    "station_process_time": 107.46212929884959,
                    "intersection_process_time": 25.53827796906923
                },
                "M8": {
                    "idx": "M8",
                    "quay_crane_id": "QC3",
                    "yard_block_loc": [
                        "A1",
                        8,
                        2
                    ],
                    "yard_crane_process_time": 31.205381083165516,
                    "locked": true,
                    "release_time": 120,
                    "vehicle_speed": 2.63,
                    "station_process_time": 133.10996536629239,
                    "intersection_process_time": 33.53023880106714
                },
                "M9": {
                    "idx": "M9",
                    "quay_crane_id": "QC3",
                    "yard_block_loc": [
                        "B2",
                        4,
                        4
                    ],
                    "yard_crane_process_time": 28.609066113441585,
                    "locked": true,
                    "release_time": 240,
                    "vehicle_speed": 2.63,
                    "station_process_time": 98.96496220614645,
                    "intersection_process_time": 43.33804705427016
                },
                "M10": {
                    "idx": "M10",
                    "quay_crane_id": "QC3",
                    "yard_block_loc": [
                        "B4",
                        5,
                        8
                    ],
                    "yard_crane_process_time": 34.33754079403403,
                    "locked": true,
                    "release_time": 360,
                    "vehicle_speed": 2.63,
                    "station_process_time": 96.89378476652413,
                    "intersection_process_time": 49.22086931458296
                }
            },
            "location": [
                130,
                0
            ]
        }
    ],
    "buffers": [
        {
            "idx": "BF1",
            "location": [
                220,
                0
            ],
            "handling_time": 60,
            "capacity": 5
        },
        {
            "idx": "BF2",
            "location": [
                175,
                0
            ],
            "handling_time": 60,
            "capacity": 5
        },
        {
            "idx": "BF3",
            "location": [
                130,
                0
            ],
            "handling_time": 60,
            "capacity": 5
        }
    ],
    "lock_stations": [
        {
            "idx": "S1",
            "location": [
                345.0,
                37.5
            ],
            "capacity": 5,
            "handling_time": 128.30181271430678,
            "lock_station_buffers": {
                "LS11": {
                    "idx": "LS1",
                    "location": [
                        452.5,
                        42.5
                    ],
                    "lock_station_idx": "S1",
                    "wait_time_delay": 0
                },
                "LS12": {
                    "idx": "LS2",
                    "location": [
                        452.5,
                        47.5
                    ],
                    "lock_station_idx": "S1",
                    "wait_time_delay": 0
                },
                "LS13": {
                    "idx": "LS3",
                    "location": [
                        452.5,
                        52.5
                    ],
                    "lock_station_idx": "S1",
                    "wait_time_delay": 0
                },
                "LS14": {
                    "idx": "LS4",
                    "location": [
                        452.5,
                        57.5
                    ],
                    "lock_station_idx": "S1",
                    "wait_time_delay": 0
                }
            }
        },
        {
            "idx": "S2",
            "location": [
                237.5,
                37.5
            ],
            "capacity": 5,
            "handling_time": 115.3943328012481,
            "lock_station_buffers": {
                "LS21": {
                    "idx": "LS1",
                    "location": [
                        345.0,
                        42.5
                    ],
                    "lock_station_idx": "S2",
                    "wait_time_delay": 0
                },
                "LS22": {
                    "idx": "LS2",
                    "location": [
                        345.0,
                        47.5
                    ],
                    "lock_station_idx": "S2",
                    "wait_time_delay": 0
                },
                "LS23": {
                    "idx": "LS3",
                    "location": [
                        345.0,
                        52.5
                    ],
                    "lock_station_idx": "S2",
                    "wait_time_delay": 0
                },
                "LS24": {
                    "idx": "LS4",
                    "location": [
                        345.0,
                        57.5
                    ],
                    "lock_station_idx": "S2",
                    "wait_time_delay": 0
                }
            }
        },
        {
            "idx": "S3",
            "location": [
                130.0,
                37.5
            ],
            "capacity": 5,
            "handling_time": 121.27371869775916,
            "lock_station_buffers": {
                "LS31": {
                    "idx": "LS1",
                    "location": [
                        237.5,
                        42.5
                    ],
                    "lock_station_idx": "S3",
                    "wait_time_delay": 0
                },
                "LS32": {
                    "idx": "LS2",
                    "location": [
                        237.5,
                        47.5
                    ],
                    "lock_station_idx": "S3",
                    "wait_time_delay": 0
                },
                "LS33": {
                    "idx": "LS3",
                    "location": [
                        237.5,
                        52.5
                    ],
                    "lock_station_idx": "S3",
                    "wait_time_delay": 0
                },
                "LS34": {
                    "idx": "LS4",
                    "location": [
                        237.5,
                        57.5
                    ],
                    "lock_station_idx": "S3",
                    "wait_time_delay": 0
                }
            }
        }
    ],
    "crossovers": [
        {
            "idx": "CO1",
            "location": [
                5.0,
                90.0
            ],
            "yard_block_list": [
                "A1",
                "A2",
                "A3",
                "A4"
            ]
        },
        {
            "idx": "CO2",
            "location": [
                319.2,
                90.0
            ],
            "yard_block_list": [
                "B1",
                "B2",
                "B3",
                "B4"
            ]
        }
    ],
    "yard_blocks": [
        {
            "idx": "A1",
            "block_location": [
                -221.7,
                129.28
            ]
        },
        {
            "idx": "A2",
            "block_location": [
                -221.7,
                188.56
            ]
        },
        {
            "idx": "A3",
            "block_location": [
                -221.7,
                247.84
            ]
        },
        {
            "idx": "A4",
            "block_location": [
                -221.7,
                307.12
            ]
        },
        {
            "idx": "B1",
            "block_location": [
                92.5,
                129.28
            ]
        },
        {
            "idx": "B2",
            "block_location": [
                92.5,
                188.56
            ]
        },
        {
            "idx": "B3",
            "block_location": [
                92.5,
                247.84
            ]
        },
        {
            "idx": "B4",
            "block_location": [
                92.5,
                307.12
            ]
        },
        {
            "idx": "C1",
            "block_location": [
                406.7,
                129.28
            ]
        },
        {
            "idx": "C2",
            "block_location": [
                406.7,
                188.56
            ]
        },
        {
            "idx": "C3",
            "block_location": [
                406.7,
                247.84
            ]
        },
        {
            "idx": "C4",
            "block_location": [
                406.7,
                307.12
            ]
        }
    ],
    "yard_cranes": [
        {
            "idx": "YCA1",
            "block_id": "YCA1",
            "location": [
                0,
                12
            ],
            "x_move_rate": 2.17,
            "y_move_rate": 1.8,
            "handling_time": 33.35559735659664
        },
        {
            "idx": "YCA2",
            "block_id": "YCA2",
            "location": [
                0,
                12
            ],
            "x_move_rate": 2.17,
            "y_move_rate": 1.8,
            "handling_time": 27.992255048060535
        },
        {
            "idx": "YCA3",
            "block_id": "YCA3",
            "location": [
                0,
                12
            ],
            "x_move_rate": 2.17,
            "y_move_rate": 1.8,
            "handling_time": 26.08651415254178
        },
        {
            "idx": "YCA4",
            "block_id": "YCA4",
            "location": [
                0,
                12
            ],
            "x_move_rate": 2.17,
            "y_move_rate": 1.8,
            "handling_time": 30.608299889315482
        },
        {
            "idx": "YCB1",
            "block_id": "YCB1",
            "location": [
                0,
                12
            ],
            "x_move_rate": 2.17,
            "y_move_rate": 1.8,
            "handling_time": 29.81172296956216
        },
        {
            "idx": "YCB2",
            "block_id": "YCB2",
            "location": [
                0,
                12
            ],
            "x_move_rate": 2.17,
            "y_move_rate": 1.8,
            "handling_time": 28.37080544537666
        },
        {
            "idx": "YCB3",
            "block_id": "YCB3",
            "location": [
                0,
                12
            ],
            "x_move_rate": 2.17,
            "y_move_rate": 1.8,
            "handling_time": 32.978743610995224
        },
        {
            "idx": "YCB4",
            "block_id": "YCB4",
            "location": [
                0,
                12
            ],
            "x_move_rate": 2.17,
            "y_move_rate": 1.8,
            "handling_time": 33.12328661558416
        },
        {
            "idx": "YCC1",
            "block_id": "YCC1",
            "location": [
                0,
                12
            ],
            "x_move_rate": 2.17,
            "y_move_rate": 1.8,
            "handling_time": 26.24324802153457
        },
        {
            "idx": "YCC2",
            "block_id": "YCC2",
            "location": [
                0,
                12
            ],
            "x_move_rate": 2.17,
            "y_move_rate": 1.8,
            "handling_time": 26.16008063402737
        },
        {
            "idx": "YCC3",
            "block_id": "YCC3",
            "location": [
                0,
                12
            ],
            "x_move_rate": 2.17,
            "y_move_rate": 1.8,
            "handling_time": 29.977345200369903
        },
        {
            "idx": "YCC4",
            "block_id": "YCC4",
            "location": [
                0,
                12
            ],
            "x_move_rate": 2.17,
            "y_move_rate": 1.8,
            "handling_time": 25.378243796669178
        }
    ]
}