{
    "quay_cranes": [
        {
            "idx": "QC1",
            "missions": {
                "M1": {
                    "idx": "M1",
                    "quay_crane_id": "QC1",
                    "yard_block_loc": [
                        "B3",
                        12,
                        5
                    ],
                    "yard_crane_process_time": 34.23703184586226,
                    "locked": true,
                    "release_time": 0,
                    "vehicle_speed": 2.63,
                    "station_process_time": 99.31998109131283,
                    "intersection_process_time": 46.44510528486696
                },
                "M2": {
                    "idx": "M2",
                    "quay_crane_id": "QC1",
                    "yard_block_loc": [
                        "B3",
                        19,
                        3
                    ],
                    "yard_crane_process_time": 34.124290899309244,
                    "locked": true,
                    "release_time": 120,
                    "vehicle_speed": 2.63,
                    "station_process_time": 117.84783435591466,
                    "intersection_process_time": 21.454766560077264
                },
                "M3": {
                    "idx": "M3",
                    "quay_crane_id": "QC1",
                    "yard_block_loc": [
                        "A2",
                        21,
                        3
                    ],
                    "yard_crane_process_time": 34.81551005999427,
                    "locked": true,
                    "release_time": 240,
                    "vehicle_speed": 2.63,
                    "station_process_time": 143.98885802136004,
                    "intersection_process_time": 34.48889718326774
                }
            },
            "location": [
                220,
                0
            ]
        },
        {
            "idx": "QC2",
            "missions": {
                "M4": {
                    "idx": "M4",
                    "quay_crane_id": "QC2",
                    "yard_block_loc": [
                        "B3",
                        23,
                        3
                    ],
                    "yard_crane_process_time": 29.969897122617176,
                    "locked": true,
                    "release_time": 0,
                    "vehicle_speed": 2.63,
                    "station_process_time": 127.85448000780039,
                    "intersection_process_time": 45.11260589959893
                },
                "M5": {
                    "idx": "M5",
                    "quay_crane_id": "QC2",
                    "yard_block_loc": [
                        "B1",
                        2,
                        9
                    ],
                    "yard_crane_process_time": 26.851416151593998,
                    "locked": true,
                    "release_time": 120,
                    "vehicle_speed": 2.63,
                    "station_process_time": 124.29352680970175,
                    "intersection_process_time": 29.683186791680054
                },
                "M6": {
                    "idx": "M6",
                    "quay_crane_id": "QC2",
                    "yard_block_loc": [
                        "B3",
                        28,
                        11
                    ],
                    "yard_crane_process_time": 29.496540715080705,
                    "locked": true,
                    "release_time": 240,
                    "vehicle_speed": 2.63,
                    "station_process_time": 116.89078207466017,
                    "intersection_process_time": 49.7614513974833
                }
            },
            "location": [
                175,
                0
            ]
        },
        {
            "idx": "QC3",
            "missions": {
                "M7": {
                    "idx": "M7",
                    "quay_crane_id": "QC3",
                    "yard_block_loc": [
                        "A2",
                        29,
                        6
                    ],
                    "yard_crane_process_time": 29.404958331850118,
                    "locked": true,
                    "release_time": 0,
                    "vehicle_speed": 2.63,
                    "station_process_time": 96.02529821902702,
                    "intersection_process_time": 27.531176556493637
                },
                "M8": {
                    "idx": "M8",
                    "quay_crane_id": "QC3",
                    "yard_block_loc": [
                        "B1",
                        19,
                        5
                    ],
                    "yard_crane_process_time": 27.526855873854203,
                    "locked": true,
                    "release_time": 120,
                    "vehicle_speed": 2.63,
                    "station_process_time": 128.08493631843132,
                    "intersection_process_time": 57.61563309188269
                },
                "M9": {
                    "idx": "M9",
                    "quay_crane_id": "QC3",
                    "yard_block_loc": [
                        "B1",
                        6,
                        6
                    ],
                    "yard_crane_process_time": 25.109694954941187,
                    "locked": true,
                    "release_time": 240,
                    "vehicle_speed": 2.63,
                    "station_process_time": 95.43775467888375,
                    "intersection_process_time": 21.205374149238487
                },
                "M10": {
                    "idx": "M10",
                    "quay_crane_id": "QC3",
                    "yard_block_loc": [
                        "B1",
                        22,
                        0
                    ],
                    "yard_crane_process_time": 31.256424909314248,
                    "locked": true,
                    "release_time": 360,
                    "vehicle_speed": 2.63,
                    "station_process_time": 113.19750194353398,
                    "intersection_process_time": 51.01786900620853
                }
            },
            "location": [
                130,
                0
            ]
        }
    ],
    "buffers": [
        {
            "idx": "BF1",
            "location": [
                220,
                0
            ],
            "handling_time": 60,
            "capacity": 5
        },
        {
            "idx": "BF2",
            "location": [
                175,
                0
            ],
            "handling_time": 60,
            "capacity": 5
        },
        {
            "idx": "BF3",
            "location": [
                130,
                0
            ],
            "handling_time": 60,
            "capacity": 5
        }
    ],
    "lock_stations": [
        {
            "idx": "S1",
            "location": [
                345.0,
                37.5
            ],
            "capacity": 5,
            "handling_time": 124.96135330139681,
            "lock_station_buffers": {
                "LS11": {
                    "idx": "LS1",
                    "location": [
                        452.5,
                        42.5
                    ],
                    "lock_station_idx": "S1",
                    "wait_time_delay": 0
                },
                "LS12": {
                    "idx": "LS2",
                    "location": [
                        452.5,
                        47.5
                    ],
                    "lock_station_idx": "S1",
                    "wait_time_delay": 0
                },
                "LS13": {
                    "idx": "LS3",
                    "location": [
                        452.5,
                        52.5
                    ],
                    "lock_station_idx": "S1",
                    "wait_time_delay": 0
                },
                "LS14": {
                    "idx": "LS4",
                    "location": [
                        452.5,
                        57.5
                    ],
                    "lock_station_idx": "S1",
                    "wait_time_delay": 0
                }
            }
        },
        {
            "idx": "S2",
            "location": [
                237.5,
                37.5
            ],
            "capacity": 5,
            "handling_time": 111.27498499893501,
            "lock_station_buffers": {
                "LS21": {
                    "idx": "LS1",
                    "location": [
                        345.0,
                        42.5
                    ],
                    "lock_station_idx": "S2",
                    "wait_time_delay": 0
                },
                "LS22": {
                    "idx": "LS2",
                    "location": [
                        345.0,
                        47.5
                    ],
                    "lock_station_idx": "S2",
                    "wait_time_delay": 0
                },
                "LS23": {
                    "idx": "LS3",
                    "location": [
                        345.0,
                        52.5
                    ],
                    "lock_station_idx": "S2",
                    "wait_time_delay": 0
                },
                "LS24": {
                    "idx": "LS4",
                    "location": [
                        345.0,
                        57.5
                    ],
                    "lock_station_idx": "S2",
                    "wait_time_delay": 0
                }
            }
        }
    ],
    "crossovers": [
        {
            "idx": "CO1",
            "location": [
                5.0,
                90.0
            ],
            "yard_block_list": [
                "A1",
                "A2",
                "A3",
                "A4"
            ]
        },
        {
            "idx": "CO2",
            "location": [
                319.2,
                90.0
            ],
            "yard_block_list": [
                "B1",
                "B2",
                "B3",
                "B4"
            ]
        }
    ],
    "yard_blocks": [
        {
            "idx": "A1",
            "block_location": [
                -221.7,
                129.28
            ]
        },
        {
            "idx": "A2",
            "block_location": [
                -221.7,
                188.56
            ]
        },
        {
            "idx": "A3",
            "block_location": [
                -221.7,
                247.84
            ]
        },
        {
            "idx": "A4",
            "block_location": [
                -221.7,
                307.12
            ]
        },
        {
            "idx": "B1",
            "block_location": [
                92.5,
                129.28
            ]
        },
        {
            "idx": "B2",
            "block_location": [
                92.5,
                188.56
            ]
        },
        {
            "idx": "B3",
            "block_location": [
                92.5,
                247.84
            ]
        },
        {
            "idx": "B4",
            "block_location": [
                92.5,
                307.12
            ]
        },
        {
            "idx": "C1",
            "block_location": [
                406.7,
                129.28
            ]
        },
        {
            "idx": "C2",
            "block_location": [
                406.7,
                188.56
            ]
        },
        {
            "idx": "C3",
            "block_location": [
                406.7,
                247.84
            ]
        },
        {
            "idx": "C4",
            "block_location": [
                406.7,
                307.12
            ]
        }
    ],
    "yard_cranes": [
        {
            "idx": "YCA1",
            "block_id": "YCA1",
            "location": [
                0,
                12
            ],
            "x_move_rate": 2.17,
            "y_move_rate": 1.8,
            "handling_time": 30.687886411459257
        },
        {
            "idx": "YCA2",
            "block_id": "YCA2",
            "location": [
                0,
                12
            ],
            "x_move_rate": 2.17,
            "y_move_rate": 1.8,
            "handling_time": 30.64415288794693
        },
        {
            "idx": "YCA3",
            "block_id": "YCA3",
            "location": [
                0,
                12
            ],
            "x_move_rate": 2.17,
            "y_move_rate": 1.8,
            "handling_time": 27.783497745403338
        },
        {
            "idx": "YCA4",
            "block_id": "YCA4",
            "location": [
                0,
                12
            ],
            "x_move_rate": 2.17,
            "y_move_rate": 1.8,
            "handling_time": 33.22005190136293
        },
        {
            "idx": "YCB1",
            "block_id": "YCB1",
            "location": [
                0,
                12
            ],
            "x_move_rate": 2.17,
            "y_move_rate": 1.8,
            "handling_time": 28.980927055606614
        },
        {
            "idx": "YCB2",
            "block_id": "YCB2",
            "location": [
                0,
                12
            ],
            "x_move_rate": 2.17,
            "y_move_rate": 1.8,
            "handling_time": 34.20920338643288
        },
        {
            "idx": "YCB3",
            "block_id": "YCB3",
            "location": [
                0,
                12
            ],
            "x_move_rate": 2.17,
            "y_move_rate": 1.8,
            "handling_time": 26.35339983117478
        },
        {
            "idx": "YCB4",
            "block_id": "YCB4",
            "location": [
                0,
                12
            ],
            "x_move_rate": 2.17,
            "y_move_rate": 1.8,
            "handling_time": 25.814820346677255
        },
        {
            "idx": "YCC1",
            "block_id": "YCC1",
            "location": [
                0,
                12
            ],
            "x_move_rate": 2.17,
            "y_move_rate": 1.8,
            "handling_time": 33.6494874468024
        },
        {
            "idx": "YCC2",
            "block_id": "YCC2",
            "location": [
                0,
                12
            ],
            "x_move_rate": 2.17,
            "y_move_rate": 1.8,
            "handling_time": 28.610213697291403
        },
        {
            "idx": "YCC3",
            "block_id": "YCC3",
            "location": [
                0,
                12
            ],
            "x_move_rate": 2.17,
            "y_move_rate": 1.8,
            "handling_time": 25.693732961324855
        },
        {
            "idx": "YCC4",
            "block_id": "YCC4",
            "location": [
                0,
                12
            ],
            "x_move_rate": 2.17,
            "y_move_rate": 1.8,
            "handling_time": 32.172877126247485
        }
    ]
}