{
    "quay_cranes": [
        {
            "idx": "QC1",
            "missions": {
                "M1": {
                    "idx": "M1",
                    "quay_crane_id": "QC1",
                    "yard_block_loc": [
                        "B3",
                        0,
                        11
                    ],
                    "yard_crane_process_time": 32.55035074082314,
                    "locked": true,
                    "release_time": 0,
                    "vehicle_speed": 2.63,
                    "station_process_time": 127.89101539729693,
                    "intersection_process_time": 23.459975863482946
                },
                "M2": {
                    "idx": "M2",
                    "quay_crane_id": "QC1",
                    "yard_block_loc": [
                        "A2",
                        24,
                        10
                    ],
                    "yard_crane_process_time": 27.187341846418388,
                    "locked": true,
                    "release_time": 120,
                    "vehicle_speed": 2.63,
                    "station_process_time": 116.94530261400439,
                    "intersection_process_time": 38.48043382399578
                },
                "M3": {
                    "idx": "M3",
                    "quay_crane_id": "QC1",
                    "yard_block_loc": [
                        "B3",
                        2,
                        10
                    ],
                    "yard_crane_process_time": 29.24209070997641,
                    "locked": true,
                    "release_time": 240,
                    "vehicle_speed": 2.63,
                    "station_process_time": 108.06953812176351,
                    "intersection_process_time": 44.366421150034995
                },
                "M4": {
                    "idx": "M4",
                    "quay_crane_id": "QC1",
                    "yard_block_loc": [
                        "B3",
                        8,
                        10
                    ],
                    "yard_crane_process_time": 30.437408220916616,
                    "locked": true,
                    "release_time": 0,
                    "vehicle_speed": 2.63,
                    "station_process_time": 119.86077581052027,
                    "intersection_process_time": 58.436723420728065
                },
                "M5": {
                    "idx": "M5",
                    "quay_crane_id": "QC1",
                    "yard_block_loc": [
                        "A2",
                        0,
                        4
                    ],
                    "yard_crane_process_time": 33.837180187440566,
                    "locked": true,
                    "release_time": 120,
                    "vehicle_speed": 2.63,
                    "station_process_time": 149.04090822709475,
                    "intersection_process_time": 24.833264431380748
                }
            },
            "location": [
                220,
                0
            ]
        },
        {
            "idx": "QC2",
            "missions": {
                "M6": {
                    "idx": "M6",
                    "quay_crane_id": "QC2",
                    "yard_block_loc": [
                        "B3",
                        3,
                        11
                    ],
                    "yard_crane_process_time": 32.099647178965434,
                    "locked": true,
                    "release_time": 240,
                    "vehicle_speed": 2.63,
                    "station_process_time": 113.90571647559192,
                    "intersection_process_time": 55.62247234035021
                },
                "M7": {
                    "idx": "M7",
                    "quay_crane_id": "QC2",
                    "yard_block_loc": [
                        "A2",
                        19,
                        1
                    ],
                    "yard_crane_process_time": 32.55222854558731,
                    "locked": true,
                    "release_time": 0,
                    "vehicle_speed": 2.63,
                    "station_process_time": 105.15648514948279,
                    "intersection_process_time": 31.335860154419546
                },
                "M8": {
                    "idx": "M8",
                    "quay_crane_id": "QC2",
                    "yard_block_loc": [
                        "B3",
                        3,
                        8
                    ],
                    "yard_crane_process_time": 28.0560393283992,
                    "locked": true,
                    "release_time": 120,
                    "vehicle_speed": 2.63,
                    "station_process_time": 92.12705794146164,
                    "intersection_process_time": 51.68945886566841
                },
                "M9": {
                    "idx": "M9",
                    "quay_crane_id": "QC2",
                    "yard_block_loc": [
                        "A2",
                        13,
                        4
                    ],
                    "yard_crane_process_time": 32.620005545284954,
                    "locked": true,
                    "release_time": 240,
                    "vehicle_speed": 2.63,
                    "station_process_time": 141.5671944241436,
                    "intersection_process_time": 55.6279566645557
                },
                "M10": {
                    "idx": "M10",
                    "quay_crane_id": "QC2",
                    "yard_block_loc": [
                        "A2",
                        17,
                        1
                    ],
                    "yard_crane_process_time": 30.230599837537085,
                    "locked": true,
                    "release_time": 360,
                    "vehicle_speed": 2.63,
                    "station_process_time": 106.9648734568808,
                    "intersection_process_time": 25.376821033353146
                }
            },
            "location": [
                175,
                0
            ]
        }
    ],
    "buffers": [
        {
            "idx": "BF1",
            "location": [
                220,
                0
            ],
            "handling_time": 60,
            "capacity": 5
        },
        {
            "idx": "BF2",
            "location": [
                175,
                0
            ],
            "handling_time": 60,
            "capacity": 5
        }
    ],
    "lock_stations": [
        {
            "idx": "S1",
            "location": [
                345.0,
                37.5
            ],
            "capacity": 5,
            "handling_time": 114.64827014013596,
            "lock_station_buffers": {
                "LS11": {
                    "idx": "LS1",
                    "location": [
                        452.5,
                        42.5
                    ],
                    "lock_station_idx": "S1",
                    "wait_time_delay": 0
                },
                "LS12": {
                    "idx": "LS2",
                    "location": [
                        452.5,
                        47.5
                    ],
                    "lock_station_idx": "S1",
                    "wait_time_delay": 0
                },
                "LS13": {
                    "idx": "LS3",
                    "location": [
                        452.5,
                        52.5
                    ],
                    "lock_station_idx": "S1",
                    "wait_time_delay": 0
                },
                "LS14": {
                    "idx": "LS4",
                    "location": [
                        452.5,
                        57.5
                    ],
                    "lock_station_idx": "S1",
                    "wait_time_delay": 0
                }
            }
        },
        {
            "idx": "S2",
            "location": [
                237.5,
                37.5
            ],
            "capacity": 5,
            "handling_time": 128.07564074258795,
            "lock_station_buffers": {
                "LS21": {
                    "idx": "LS1",
                    "location": [
                        345.0,
                        42.5
                    ],
                    "lock_station_idx": "S2",
                    "wait_time_delay": 0
                },
                "LS22": {
                    "idx": "LS2",
                    "location": [
                        345.0,
                        47.5
                    ],
                    "lock_station_idx": "S2",
                    "wait_time_delay": 0
                },
                "LS23": {
                    "idx": "LS3",
                    "location": [
                        345.0,
                        52.5
                    ],
                    "lock_station_idx": "S2",
                    "wait_time_delay": 0
                },
                "LS24": {
                    "idx": "LS4",
                    "location": [
                        345.0,
                        57.5
                    ],
                    "lock_station_idx": "S2",
                    "wait_time_delay": 0
                }
            }
        }
    ],
    "crossovers": [
        {
            "idx": "CO1",
            "location": [
                5.0,
                90.0
            ],
            "yard_block_list": [
                "A1",
                "A2",
                "A3",
                "A4"
            ]
        },
        {
            "idx": "CO2",
            "location": [
                319.2,
                90.0
            ],
            "yard_block_list": [
                "B1",
                "B2",
                "B3",
                "B4"
            ]
        }
    ],
    "yard_blocks": [
        {
            "idx": "A1",
            "block_location": [
                -221.7,
                129.28
            ]
        },
        {
            "idx": "A2",
            "block_location": [
                -221.7,
                188.56
            ]
        },
        {
            "idx": "A3",
            "block_location": [
                -221.7,
                247.84
            ]
        },
        {
            "idx": "A4",
            "block_location": [
                -221.7,
                307.12
            ]
        },
        {
            "idx": "B1",
            "block_location": [
                92.5,
                129.28
            ]
        },
        {
            "idx": "B2",
            "block_location": [
                92.5,
                188.56
            ]
        },
        {
            "idx": "B3",
            "block_location": [
                92.5,
                247.84
            ]
        },
        {
            "idx": "B4",
            "block_location": [
                92.5,
                307.12
            ]
        },
        {
            "idx": "C1",
            "block_location": [
                406.7,
                129.28
            ]
        },
        {
            "idx": "C2",
            "block_location": [
                406.7,
                188.56
            ]
        },
        {
            "idx": "C3",
            "block_location": [
                406.7,
                247.84
            ]
        },
        {
            "idx": "C4",
            "block_location": [
                406.7,
                307.12
            ]
        }
    ],
    "yard_cranes": [
        {
            "idx": "YCA1",
            "block_id": "YCA1",
            "location": [
                0,
                12
            ],
            "x_move_rate": 2.17,
            "y_move_rate": 1.8,
            "handling_time": 29.034128765868175
        },
        {
            "idx": "YCA2",
            "block_id": "YCA2",
            "location": [
                0,
                12
            ],
            "x_move_rate": 2.17,
            "y_move_rate": 1.8,
            "handling_time": 32.785502590540474
        },
        {
            "idx": "YCA3",
            "block_id": "YCA3",
            "location": [
                0,
                12
            ],
            "x_move_rate": 2.17,
            "y_move_rate": 1.8,
            "handling_time": 32.8817742525499
        },
        {
            "idx": "YCA4",
            "block_id": "YCA4",
            "location": [
                0,
                12
            ],
            "x_move_rate": 2.17,
            "y_move_rate": 1.8,
            "handling_time": 27.92254168110822
        },
        {
            "idx": "YCB1",
            "block_id": "YCB1",
            "location": [
                0,
                12
            ],
            "x_move_rate": 2.17,
            "y_move_rate": 1.8,
            "handling_time": 28.718043235557744
        },
        {
            "idx": "YCB2",
            "block_id": "YCB2",
            "location": [
                0,
                12
            ],
            "x_move_rate": 2.17,
            "y_move_rate": 1.8,
            "handling_time": 31.288109059468862
        },
        {
            "idx": "YCB3",
            "block_id": "YCB3",
            "location": [
                0,
                12
            ],
            "x_move_rate": 2.17,
            "y_move_rate": 1.8,
            "handling_time": 26.57069967115657
        },
        {
            "idx": "YCB4",
            "block_id": "YCB4",
            "location": [
                0,
                12
            ],
            "x_move_rate": 2.17,
            "y_move_rate": 1.8,
            "handling_time": 31.970319309869247
        },
        {
            "idx": "YCC1",
            "block_id": "YCC1",
            "location": [
                0,
                12
            ],
            "x_move_rate": 2.17,
            "y_move_rate": 1.8,
            "handling_time": 28.814277529807132
        },
        {
            "idx": "YCC2",
            "block_id": "YCC2",
            "location": [
                0,
                12
            ],
            "x_move_rate": 2.17,
            "y_move_rate": 1.8,
            "handling_time": 30.91062474757007
        },
        {
            "idx": "YCC3",
            "block_id": "YCC3",
            "location": [
                0,
                12
            ],
            "x_move_rate": 2.17,
            "y_move_rate": 1.8,
            "handling_time": 26.395330992312218
        },
        {
            "idx": "YCC4",
            "block_id": "YCC4",
            "location": [
                0,
                12
            ],
            "x_move_rate": 2.17,
            "y_move_rate": 1.8,
            "handling_time": 31.682583860975598
        }
    ]
}