{
    "quay_cranes": [
        {
            "idx": "QC1",
            "missions": {
                "M1": {
                    "idx": "M1",
                    "quay_crane_id": "QC1",
                    "yard_block_loc": [
                        "A4",
                        15,
                        5
                    ],
                    "yard_crane_process_time": 29.049341374504145,
                    "locked": true,
                    "release_time": 0,
                    "vehicle_speed": 2.63,
                    "station_process_time": 105.5350050175778,
                    "intersection_process_time": 40.45098885474434
                },
                "M2": {
                    "idx": "M2",
                    "quay_crane_id": "QC1",
                    "yard_block_loc": [
                        "A1",
                        4,
                        1
                    ],
                    "yard_crane_process_time": 30.0468685581739,
                    "locked": true,
                    "release_time": 120,
                    "vehicle_speed": 2.63,
                    "station_process_time": 125.00292236730186,
                    "intersection_process_time": 56.32451540781341
                },
                "M3": {
                    "idx": "M3",
                    "quay_crane_id": "QC1",
                    "yard_block_loc": [
                        "A1",
                        25,
                        9
                    ],
                    "yard_crane_process_time": 34.0974625596824,
                    "locked": true,
                    "release_time": 240,
                    "vehicle_speed": 2.63,
                    "station_process_time": 127.1021398005199,
                    "intersection_process_time": 30.020253654497623
                }
            },
            "location": [
                220,
                0
            ]
        },
        {
            "idx": "QC2",
            "missions": {
                "M4": {
                    "idx": "M4",
                    "quay_crane_id": "QC2",
                    "yard_block_loc": [
                        "A4",
                        10,
                        7
                    ],
                    "yard_crane_process_time": 32.298317482601284,
                    "locked": true,
                    "release_time": 0,
                    "vehicle_speed": 2.63,
                    "station_process_time": 144.12995702637497,
                    "intersection_process_time": 32.4059027727733
                },
                "M5": {
                    "idx": "M5",
                    "quay_crane_id": "QC2",
                    "yard_block_loc": [
                        "A3",
                        29,
                        3
                    ],
                    "yard_crane_process_time": 28.161966995215934,
                    "locked": true,
                    "release_time": 120,
                    "vehicle_speed": 2.63,
                    "station_process_time": 123.58882074089402,
                    "intersection_process_time": 34.15165318076963
                },
                "M6": {
                    "idx": "M6",
                    "quay_crane_id": "QC2",
                    "yard_block_loc": [
                        "A3",
                        1,
                        8
                    ],
                    "yard_crane_process_time": 33.6530992777164,
                    "locked": true,
                    "release_time": 240,
                    "vehicle_speed": 2.63,
                    "station_process_time": 147.99638206624553,
                    "intersection_process_time": 39.08039106210868
                }
            },
            "location": [
                175,
                0
            ]
        },
        {
            "idx": "QC3",
            "missions": {
                "M7": {
                    "idx": "M7",
                    "quay_crane_id": "QC3",
                    "yard_block_loc": [
                        "A3",
                        26,
                        10
                    ],
                    "yard_crane_process_time": 33.40091216555413,
                    "locked": true,
                    "release_time": 0,
                    "vehicle_speed": 2.63,
                    "station_process_time": 144.9596688214131,
                    "intersection_process_time": 23.730874574096404
                },
                "M8": {
                    "idx": "M8",
                    "quay_crane_id": "QC3",
                    "yard_block_loc": [
                        "A1",
                        7,
                        11
                    ],
                    "yard_crane_process_time": 33.280632784038986,
                    "locked": true,
                    "release_time": 120,
                    "vehicle_speed": 2.63,
                    "station_process_time": 127.51594975641794,
                    "intersection_process_time": 44.475883392565805
                },
                "M9": {
                    "idx": "M9",
                    "quay_crane_id": "QC3",
                    "yard_block_loc": [
                        "A4",
                        7,
                        3
                    ],
                    "yard_crane_process_time": 26.910670915023907,
                    "locked": true,
                    "release_time": 240,
                    "vehicle_speed": 2.63,
                    "station_process_time": 109.5122617648434,
                    "intersection_process_time": 54.818849284346186
                },
                "M10": {
                    "idx": "M10",
                    "quay_crane_id": "QC3",
                    "yard_block_loc": [
                        "A3",
                        2,
                        5
                    ],
                    "yard_crane_process_time": 30.429899576900123,
                    "locked": true,
                    "release_time": 360,
                    "vehicle_speed": 2.63,
                    "station_process_time": 138.20070324877213,
                    "intersection_process_time": 25.699775756352977
                }
            },
            "location": [
                130,
                0
            ]
        }
    ],
    "buffers": [
        {
            "idx": "BF1",
            "location": [
                220,
                0
            ],
            "handling_time": 60,
            "capacity": 5
        },
        {
            "idx": "BF2",
            "location": [
                175,
                0
            ],
            "handling_time": 60,
            "capacity": 5
        },
        {
            "idx": "BF3",
            "location": [
                130,
                0
            ],
            "handling_time": 60,
            "capacity": 5
        }
    ],
    "lock_stations": [
        {
            "idx": "S1",
            "location": [
                345.0,
                37.5
            ],
            "capacity": 5,
            "handling_time": 142.50523724016875,
            "lock_station_buffers": {
                "LS11": {
                    "idx": "LS1",
                    "location": [
                        452.5,
                        42.5
                    ],
                    "lock_station_idx": "S1",
                    "wait_time_delay": 0
                },
                "LS12": {
                    "idx": "LS2",
                    "location": [
                        452.5,
                        47.5
                    ],
                    "lock_station_idx": "S1",
                    "wait_time_delay": 0
                },
                "LS13": {
                    "idx": "LS3",
                    "location": [
                        452.5,
                        52.5
                    ],
                    "lock_station_idx": "S1",
                    "wait_time_delay": 0
                },
                "LS14": {
                    "idx": "LS4",
                    "location": [
                        452.5,
                        57.5
                    ],
                    "lock_station_idx": "S1",
                    "wait_time_delay": 0
                }
            }
        },
        {
            "idx": "S2",
            "location": [
                237.5,
                37.5
            ],
            "capacity": 5,
            "handling_time": 149.87829786516747,
            "lock_station_buffers": {
                "LS21": {
                    "idx": "LS1",
                    "location": [
                        345.0,
                        42.5
                    ],
                    "lock_station_idx": "S2",
                    "wait_time_delay": 0
                },
                "LS22": {
                    "idx": "LS2",
                    "location": [
                        345.0,
                        47.5
                    ],
                    "lock_station_idx": "S2",
                    "wait_time_delay": 0
                },
                "LS23": {
                    "idx": "LS3",
                    "location": [
                        345.0,
                        52.5
                    ],
                    "lock_station_idx": "S2",
                    "wait_time_delay": 0
                },
                "LS24": {
                    "idx": "LS4",
                    "location": [
                        345.0,
                        57.5
                    ],
                    "lock_station_idx": "S2",
                    "wait_time_delay": 0
                }
            }
        }
    ],
    "crossovers": [
        {
            "idx": "CO1",
            "location": [
                5.0,
                90.0
            ],
            "yard_block_list": [
                "A1",
                "A2",
                "A3",
                "A4"
            ]
        }
    ],
    "yard_blocks": [
        {
            "idx": "A1",
            "block_location": [
                -221.7,
                129.28
            ]
        },
        {
            "idx": "A2",
            "block_location": [
                -221.7,
                188.56
            ]
        },
        {
            "idx": "A3",
            "block_location": [
                -221.7,
                247.84
            ]
        },
        {
            "idx": "A4",
            "block_location": [
                -221.7,
                307.12
            ]
        },
        {
            "idx": "B1",
            "block_location": [
                92.5,
                129.28
            ]
        },
        {
            "idx": "B2",
            "block_location": [
                92.5,
                188.56
            ]
        },
        {
            "idx": "B3",
            "block_location": [
                92.5,
                247.84
            ]
        },
        {
            "idx": "B4",
            "block_location": [
                92.5,
                307.12
            ]
        },
        {
            "idx": "C1",
            "block_location": [
                406.7,
                129.28
            ]
        },
        {
            "idx": "C2",
            "block_location": [
                406.7,
                188.56
            ]
        },
        {
            "idx": "C3",
            "block_location": [
                406.7,
                247.84
            ]
        },
        {
            "idx": "C4",
            "block_location": [
                406.7,
                307.12
            ]
        }
    ],
    "yard_cranes": [
        {
            "idx": "YCA1",
            "block_id": "YCA1",
            "location": [
                0,
                12
            ],
            "x_move_rate": 2.17,
            "y_move_rate": 1.8,
            "handling_time": 29.892867811699052
        },
        {
            "idx": "YCA2",
            "block_id": "YCA2",
            "location": [
                0,
                12
            ],
            "x_move_rate": 2.17,
            "y_move_rate": 1.8,
            "handling_time": 28.014467921202424
        },
        {
            "idx": "YCA3",
            "block_id": "YCA3",
            "location": [
                0,
                12
            ],
            "x_move_rate": 2.17,
            "y_move_rate": 1.8,
            "handling_time": 27.910906725120647
        },
        {
            "idx": "YCA4",
            "block_id": "YCA4",
            "location": [
                0,
                12
            ],
            "x_move_rate": 2.17,
            "y_move_rate": 1.8,
            "handling_time": 26.248107146281072
        },
        {
            "idx": "YCB1",
            "block_id": "YCB1",
            "location": [
                0,
                12
            ],
            "x_move_rate": 2.17,
            "y_move_rate": 1.8,
            "handling_time": 28.327505127673362
        },
        {
            "idx": "YCB2",
            "block_id": "YCB2",
            "location": [
                0,
                12
            ],
            "x_move_rate": 2.17,
            "y_move_rate": 1.8,
            "handling_time": 34.22249730976549
        },
        {
            "idx": "YCB3",
            "block_id": "YCB3",
            "location": [
                0,
                12
            ],
            "x_move_rate": 2.17,
            "y_move_rate": 1.8,
            "handling_time": 27.032018524694333
        },
        {
            "idx": "YCB4",
            "block_id": "YCB4",
            "location": [
                0,
                12
            ],
            "x_move_rate": 2.17,
            "y_move_rate": 1.8,
            "handling_time": 32.994271114705924
        },
        {
            "idx": "YCC1",
            "block_id": "YCC1",
            "location": [
                0,
                12
            ],
            "x_move_rate": 2.17,
            "y_move_rate": 1.8,
            "handling_time": 30.472301064999183
        },
        {
            "idx": "YCC2",
            "block_id": "YCC2",
            "location": [
                0,
                12
            ],
            "x_move_rate": 2.17,
            "y_move_rate": 1.8,
            "handling_time": 27.87657264210202
        },
        {
            "idx": "YCC3",
            "block_id": "YCC3",
            "location": [
                0,
                12
            ],
            "x_move_rate": 2.17,
            "y_move_rate": 1.8,
            "handling_time": 25.916320949516212
        },
        {
            "idx": "YCC4",
            "block_id": "YCC4",
            "location": [
                0,
                12
            ],
            "x_move_rate": 2.17,
            "y_move_rate": 1.8,
            "handling_time": 32.97935019321003
        }
    ]
}