{
    "quay_cranes": [
        {
            "idx": "QC1",
            "missions": {
                "M1": {
                    "idx": "M1",
                    "quay_crane_id": "QC1",
                    "yard_block_loc": [
                        "A4",
                        22,
                        8
                    ],
                    "yard_crane_process_time": 31.27427755142716,
                    "locked": true,
                    "release_time": 0,
                    "vehicle_speed": 2.63,
                    "station_process_time": 136.58055863651373,
                    "intersection_process_time": 55.387442078820484
                },
                "M2": {
                    "idx": "M2",
                    "quay_crane_id": "QC1",
                    "yard_block_loc": [
                        "A4",
                        28,
                        9
                    ],
                    "yard_crane_process_time": 26.13444895637709,
                    "locked": true,
                    "release_time": 120,
                    "vehicle_speed": 2.63,
                    "station_process_time": 115.20666696448924,
                    "intersection_process_time": 32.212463601078255
                },
                "M3": {
                    "idx": "M3",
                    "quay_crane_id": "QC1",
                    "yard_block_loc": [
                        "A3",
                        3,
                        6
                    ],
                    "yard_crane_process_time": 26.04764621076295,
                    "locked": true,
                    "release_time": 240,
                    "vehicle_speed": 2.63,
                    "station_process_time": 115.3233910752299,
                    "intersection_process_time": 23.36128232948624
                }
            },
            "location": [
                220,
                0
            ]
        },
        {
            "idx": "QC2",
            "missions": {
                "M4": {
                    "idx": "M4",
                    "quay_crane_id": "QC2",
                    "yard_block_loc": [
                        "A4",
                        13,
                        10
                    ],
                    "yard_crane_process_time": 25.30700845951906,
                    "locked": true,
                    "release_time": 0,
                    "vehicle_speed": 2.63,
                    "station_process_time": 136.4291239482866,
                    "intersection_process_time": 49.37117366628463
                },
                "M5": {
                    "idx": "M5",
                    "quay_crane_id": "QC2",
                    "yard_block_loc": [
                        "A1",
                        23,
                        4
                    ],
                    "yard_crane_process_time": 33.6405767472269,
                    "locked": true,
                    "release_time": 120,
                    "vehicle_speed": 2.63,
                    "station_process_time": 115.02117054021399,
                    "intersection_process_time": 39.864990985179645
                },
                "M6": {
                    "idx": "M6",
                    "quay_crane_id": "QC2",
                    "yard_block_loc": [
                        "A4",
                        11,
                        5
                    ],
                    "yard_crane_process_time": 28.592533148212368,
                    "locked": true,
                    "release_time": 240,
                    "vehicle_speed": 2.63,
                    "station_process_time": 94.71231237910823,
                    "intersection_process_time": 22.81317863505423
                }
            },
            "location": [
                175,
                0
            ]
        },
        {
            "idx": "QC3",
            "missions": {
                "M7": {
                    "idx": "M7",
                    "quay_crane_id": "QC3",
                    "yard_block_loc": [
                        "A4",
                        2,
                        9
                    ],
                    "yard_crane_process_time": 27.304935367331407,
                    "locked": true,
                    "release_time": 0,
                    "vehicle_speed": 2.63,
                    "station_process_time": 100.67445964066576,
                    "intersection_process_time": 53.21080207059488
                },
                "M8": {
                    "idx": "M8",
                    "quay_crane_id": "QC3",
                    "yard_block_loc": [
                        "A3",
                        23,
                        1
                    ],
                    "yard_crane_process_time": 27.0479079826935,
                    "locked": true,
                    "release_time": 120,
                    "vehicle_speed": 2.63,
                    "station_process_time": 143.6061055108716,
                    "intersection_process_time": 28.319121600160628
                },
                "M9": {
                    "idx": "M9",
                    "quay_crane_id": "QC3",
                    "yard_block_loc": [
                        "A4",
                        7,
                        2
                    ],
                    "yard_crane_process_time": 31.894664766240865,
                    "locked": true,
                    "release_time": 240,
                    "vehicle_speed": 2.63,
                    "station_process_time": 134.8786090346506,
                    "intersection_process_time": 31.730518153050582
                },
                "M10": {
                    "idx": "M10",
                    "quay_crane_id": "QC3",
                    "yard_block_loc": [
                        "A4",
                        4,
                        0
                    ],
                    "yard_crane_process_time": 28.44449607338611,
                    "locked": true,
                    "release_time": 360,
                    "vehicle_speed": 2.63,
                    "station_process_time": 101.21950214537146,
                    "intersection_process_time": 24.49564143320736
                }
            },
            "location": [
                130,
                0
            ]
        }
    ],
    "buffers": [
        {
            "idx": "BF1",
            "location": [
                220,
                0
            ],
            "handling_time": 60,
            "capacity": 5
        },
        {
            "idx": "BF2",
            "location": [
                175,
                0
            ],
            "handling_time": 60,
            "capacity": 5
        },
        {
            "idx": "BF3",
            "location": [
                130,
                0
            ],
            "handling_time": 60,
            "capacity": 5
        }
    ],
    "lock_stations": [
        {
            "idx": "S1",
            "location": [
                345.0,
                37.5
            ],
            "capacity": 5,
            "handling_time": 147.9911556280196,
            "lock_station_buffers": {
                "LS11": {
                    "idx": "LS1",
                    "location": [
                        452.5,
                        42.5
                    ],
                    "lock_station_idx": "S1",
                    "wait_time_delay": 0
                },
                "LS12": {
                    "idx": "LS2",
                    "location": [
                        452.5,
                        47.5
                    ],
                    "lock_station_idx": "S1",
                    "wait_time_delay": 0
                },
                "LS13": {
                    "idx": "LS3",
                    "location": [
                        452.5,
                        52.5
                    ],
                    "lock_station_idx": "S1",
                    "wait_time_delay": 0
                },
                "LS14": {
                    "idx": "LS4",
                    "location": [
                        452.5,
                        57.5
                    ],
                    "lock_station_idx": "S1",
                    "wait_time_delay": 0
                }
            }
        },
        {
            "idx": "S2",
            "location": [
                237.5,
                37.5
            ],
            "capacity": 5,
            "handling_time": 111.73439219669095,
            "lock_station_buffers": {
                "LS21": {
                    "idx": "LS1",
                    "location": [
                        345.0,
                        42.5
                    ],
                    "lock_station_idx": "S2",
                    "wait_time_delay": 0
                },
                "LS22": {
                    "idx": "LS2",
                    "location": [
                        345.0,
                        47.5
                    ],
                    "lock_station_idx": "S2",
                    "wait_time_delay": 0
                },
                "LS23": {
                    "idx": "LS3",
                    "location": [
                        345.0,
                        52.5
                    ],
                    "lock_station_idx": "S2",
                    "wait_time_delay": 0
                },
                "LS24": {
                    "idx": "LS4",
                    "location": [
                        345.0,
                        57.5
                    ],
                    "lock_station_idx": "S2",
                    "wait_time_delay": 0
                }
            }
        }
    ],
    "crossovers": [
        {
            "idx": "CO1",
            "location": [
                5.0,
                90.0
            ],
            "yard_block_list": [
                "A1",
                "A2",
                "A3",
                "A4"
            ]
        }
    ],
    "yard_blocks": [
        {
            "idx": "A1",
            "block_location": [
                -221.7,
                129.28
            ]
        },
        {
            "idx": "A2",
            "block_location": [
                -221.7,
                188.56
            ]
        },
        {
            "idx": "A3",
            "block_location": [
                -221.7,
                247.84
            ]
        },
        {
            "idx": "A4",
            "block_location": [
                -221.7,
                307.12
            ]
        },
        {
            "idx": "B1",
            "block_location": [
                92.5,
                129.28
            ]
        },
        {
            "idx": "B2",
            "block_location": [
                92.5,
                188.56
            ]
        },
        {
            "idx": "B3",
            "block_location": [
                92.5,
                247.84
            ]
        },
        {
            "idx": "B4",
            "block_location": [
                92.5,
                307.12
            ]
        },
        {
            "idx": "C1",
            "block_location": [
                406.7,
                129.28
            ]
        },
        {
            "idx": "C2",
            "block_location": [
                406.7,
                188.56
            ]
        },
        {
            "idx": "C3",
            "block_location": [
                406.7,
                247.84
            ]
        },
        {
            "idx": "C4",
            "block_location": [
                406.7,
                307.12
            ]
        }
    ],
    "yard_cranes": [
        {
            "idx": "YCA1",
            "block_id": "YCA1",
            "location": [
                0,
                12
            ],
            "x_move_rate": 2.17,
            "y_move_rate": 1.8,
            "handling_time": 29.733704027601114
        },
        {
            "idx": "YCA2",
            "block_id": "YCA2",
            "location": [
                0,
                12
            ],
            "x_move_rate": 2.17,
            "y_move_rate": 1.8,
            "handling_time": 27.926319859649734
        },
        {
            "idx": "YCA3",
            "block_id": "YCA3",
            "location": [
                0,
                12
            ],
            "x_move_rate": 2.17,
            "y_move_rate": 1.8,
            "handling_time": 34.3712684421547
        },
        {
            "idx": "YCA4",
            "block_id": "YCA4",
            "location": [
                0,
                12
            ],
            "x_move_rate": 2.17,
            "y_move_rate": 1.8,
            "handling_time": 34.58147894987498
        },
        {
            "idx": "YCB1",
            "block_id": "YCB1",
            "location": [
                0,
                12
            ],
            "x_move_rate": 2.17,
            "y_move_rate": 1.8,
            "handling_time": 31.359157065077433
        },
        {
            "idx": "YCB2",
            "block_id": "YCB2",
            "location": [
                0,
                12
            ],
            "x_move_rate": 2.17,
            "y_move_rate": 1.8,
            "handling_time": 26.840455501751556
        },
        {
            "idx": "YCB3",
            "block_id": "YCB3",
            "location": [
                0,
                12
            ],
            "x_move_rate": 2.17,
            "y_move_rate": 1.8,
            "handling_time": 34.92951788610287
        },
        {
            "idx": "YCB4",
            "block_id": "YCB4",
            "location": [
                0,
                12
            ],
            "x_move_rate": 2.17,
            "y_move_rate": 1.8,
            "handling_time": 26.02580439546912
        },
        {
            "idx": "YCC1",
            "block_id": "YCC1",
            "location": [
                0,
                12
            ],
            "x_move_rate": 2.17,
            "y_move_rate": 1.8,
            "handling_time": 30.808493815940803
        },
        {
            "idx": "YCC2",
            "block_id": "YCC2",
            "location": [
                0,
                12
            ],
            "x_move_rate": 2.17,
            "y_move_rate": 1.8,
            "handling_time": 26.564030600830087
        },
        {
            "idx": "YCC3",
            "block_id": "YCC3",
            "location": [
                0,
                12
            ],
            "x_move_rate": 2.17,
            "y_move_rate": 1.8,
            "handling_time": 33.97675314150206
        },
        {
            "idx": "YCC4",
            "block_id": "YCC4",
            "location": [
                0,
                12
            ],
            "x_move_rate": 2.17,
            "y_move_rate": 1.8,
            "handling_time": 34.45678391495615
        }
    ]
}